period,report_type,fs_div,account_nm,amount,unit,metric
2015-12,annual,,유동자산,124814725000000.0,million KRW,current_assets
2015-12,annual,,현금및현금성자산,22636744000000.0,million KRW,cash
2015-12,annual,,매출채권,25168026000000.0,million KRW,receivables
2015-12,annual,,재고자산,18811794000000.0,million KRW,inventory
2015-12,annual,,자산총계,242179521000000.0,million KRW,total_assets
2015-12,annual,,유동부채,50502909000000.0,million KRW,current_liabilities
2015-12,annual,,부채총계,63119716000000.0,million KRW,total_liabilities
2015-12,annual,,자본총계,179059805000000.0,million KRW,total_equity
2015-12,annual,,수익(매출액),200653482000000.0,million KRW,revenue
2015-12,annual,,영업이익(손실),26413442000000.0,million KRW,operating_income
2015-12,annual,,당기순이익(손실),19060144000000.0,million KRW,net_income
2015-12,annual,,당기순이익,19060144000000.0,million KRW,net_income
2016-12,annual,,유동자산,141429704000000.0,million KRW,current_assets
2016-12,annual,,현금및현금성자산,32111442000000.0,million KRW,cash
2016-12,annual,,매출채권,24279211000000.0,million KRW,receivables
2016-12,annual,,재고자산,18353503000000.0,million KRW,inventory
2016-12,annual,,자산총계,262174324000000.0,million KRW,total_assets
2016-12,annual,,유동부채,54704095000000.0,million KRW,current_liabilities
2016-12,annual,,부채총계,69211291000000.0,million KRW,total_liabilities
2016-12,annual,,자본총계,192963033000000.0,million KRW,total_equity
2016-12,annual,,수익(매출액),201866745000000.0,million KRW,revenue
2016-12,annual,,영업이익(손실),29240672000000.0,million KRW,operating_income
2016-12,annual,,당기순이익(손실),22726092000000.0,million KRW,net_income
2016-12,annual,,당기순이익,22726092000000.0,million KRW,net_income
2016-06,half_year,,유동자산,130163049000000.0,million KRW,current_assets
2016-06,half_year,,현금및현금성자산,25840759000000.0,million KRW,cash
2016-06,half_year,,매출채권,26081803000000.0,million KRW,receivables
2016-06,half_year,,재고자산,17858721000000.0,million KRW,inventory
2016-06,half_year,,자산총계,243960673000000.0,million KRW,total_assets
2016-06,half_year,,유동부채,48008164000000.0,million KRW,current_liabilities
2016-06,half_year,,부채총계,62118157000000.0,million KRW,total_liabilities
2016-06,half_year,,자본총계,181842516000000.0,million KRW,total_equity
2016-06,half_year,,수익(매출액),50937120000000.0,million KRW,revenue
2016-06,half_year,,영업이익(손실),8143950000000.0,million KRW,operating_income
2016-06,half_year,,당기순이익(손실),5847393000000.0,million KRW,net_income
2016-06,half_year,,당기순이익,11100196000000.0,million KRW,net_income
2016-03,quarterly,,유동자산,126587169000000.0,million KRW,current_assets
2016-03,quarterly,,현금및현금성자산,24769756000000.0,million KRW,cash
2016-03,quarterly,,매출채권,25505630000000.0,million KRW,receivables
2016-03,quarterly,,재고자산,18749882000000.0,million KRW,inventory
2016-03,quarterly,,자산총계,241239789000000.0,million KRW,total_assets
2016-03,quarterly,,유동부채,49049500000000.0,million KRW,current_liabilities
2016-03,quarterly,,부채총계,62913603000000.0,million KRW,total_liabilities
2016-03,quarterly,,자본총계,178326186000000.0,million KRW,total_equity
2016-03,quarterly,,수익(매출액),49782252000000.0,million KRW,revenue
2016-03,quarterly,,영업이익(손실),6675812000000.0,million KRW,operating_income
2016-03,quarterly,,당기순이익(손실),5252803000000.0,million KRW,net_income
2016-03,quarterly,,당기순이익,5252803000000.0,million KRW,net_income
2016-09,quarterly,,유동자산,132166769000000.0,million KRW,current_assets
2016-09,quarterly,,현금및현금성자산,25267569000000.0,million KRW,cash
2016-09,quarterly,,매출채권,21693242000000.0,million KRW,receivables
2016-09,quarterly,,재고자산,18378245000000.0,million KRW,inventory
2016-09,quarterly,,자산총계,244471456000000.0,million KRW,total_assets
2016-09,quarterly,,유동부채,50459481000000.0,million KRW,current_liabilities
2016-09,quarterly,,부채총계,64935077000000.0,million KRW,total_liabilities
2016-09,quarterly,,자본총계,179536379000000.0,million KRW,total_equity
2016-09,quarterly,,수익(매출액),47815633000000.0,million KRW,revenue
2016-09,quarterly,,영업이익(손실),5200089000000.0,million KRW,operating_income
2016-09,quarterly,,당기순이익(손실),4537855000000.0,million KRW,net_income
2016-09,quarterly,,당기순이익,15638051000000.0,million KRW,net_income
2017-12,annual,,유동자산,146982464000000.0,million KRW,current_assets
2017-12,annual,,현금및현금성자산,30545130000000.0,million KRW,cash
2017-12,annual,,매출채권,27695995000000.0,million KRW,receivables
2017-12,annual,,재고자산,24983355000000.0,million KRW,inventory
2017-12,annual,,자산총계,301752090000000.0,million KRW,total_assets
2017-12,annual,,유동부채,67175114000000.0,million KRW,current_liabilities
2017-12,annual,,부채총계,87260662000000.0,million KRW,total_liabilities
2017-12,annual,,자본총계,214491428000000.0,million KRW,total_equity
2017-12,annual,,수익(매출액),239575376000000.0,million KRW,revenue
2017-12,annual,,영업이익(손실),53645038000000.0,million KRW,operating_income
2017-12,annual,,당기순이익(손실),42186747000000.0,million KRW,net_income
2017-12,annual,,당기순이익,42186747000000.0,million KRW,net_income
2017-06,half_year,,유동자산,132172681000000.0,million KRW,current_assets
2017-06,half_year,,현금및현금성자산,29007086000000.0,million KRW,cash
2017-06,half_year,,매출채권,27585923000000.0,million KRW,receivables
2017-06,half_year,,재고자산,23020912000000.0,million KRW,inventory
2017-06,half_year,,자산총계,277589436000000.0,million KRW,total_assets
2017-06,half_year,,유동부채,58468431000000.0,million KRW,current_liabilities
2017-06,half_year,,부채총계,76883688000000.0,million KRW,total_liabilities
2017-06,half_year,,자본총계,200705748000000.0,million KRW,total_equity
2017-06,half_year,,수익(매출액),61000537000000.0,million KRW,revenue
2017-06,half_year,,영업이익(손실),14066547000000.0,million KRW,operating_income
2017-06,half_year,,당기순이익(손실),11053851000000.0,million KRW,net_income
2017-06,half_year,,당기순이익,18738205000000.0,million KRW,net_income
2017-03,quarterly,,유동자산,129284204000000.0,million KRW,current_assets
2017-03,quarterly,,현금및현금성자산,27562938000000.0,million KRW,cash
2017-03,quarterly,,매출채권,22340688000000.0,million KRW,receivables
2017-03,quarterly,,재고자산,21857598000000.0,million KRW,inventory
2017-03,quarterly,,자산총계,264217372000000.0,million KRW,total_assets
2017-03,quarterly,,유동부채,56843132000000.0,million KRW,current_liabilities
2017-03,quarterly,,부채총계,74399417000000.0,million KRW,total_liabilities
2017-03,quarterly,,자본총계,189817955000000.0,million KRW,total_equity
2017-03,quarterly,,수익(매출액),50547526000000.0,million KRW,revenue
2017-03,quarterly,,영업이익(손실),9898361000000.0,million KRW,operating_income
2017-03,quarterly,,당기순이익(손실),7684354000000.0,million KRW,net_income
2017-03,quarterly,,당기순이익,7684354000000.0,million KRW,net_income
2017-09,quarterly,,유동자산,145322337000000.0,million KRW,current_assets
2017-09,quarterly,,현금및현금성자산,30788226000000.0,million KRW,cash
2017-09,quarterly,,매출채권,30351245000000.0,million KRW,receivables
2017-09,quarterly,,재고자산,27032501000000.0,million KRW,inventory
2017-09,quarterly,,자산총계,296578579000000.0,million KRW,total_assets
2017-09,quarterly,,유동부채,66172585000000.0,million KRW,current_liabilities
2017-09,quarterly,,부채총계,85887328000000.0,million KRW,total_liabilities
2017-09,quarterly,,자본총계,210691251000000.0,million KRW,total_equity
2017-09,quarterly,,수익(매출액),62048901000000.0,million KRW,revenue
2017-09,quarterly,,영업이익(손실),14533159000000.0,million KRW,operating_income
2017-09,quarterly,,당기순이익(손실),11193411000000.0,million KRW,net_income
2017-09,quarterly,,당기순이익,29931616000000.0,million KRW,net_income
2018-12,annual,,유동자산,174697424000000.0,million KRW,current_assets
2018-12,annual,,현금및현금성자산,30340505000000.0,million KRW,cash
2018-12,annual,,매출채권,33867733000000.0,million KRW,receivables
2018-12,annual,,재고자산,28984704000000.0,million KRW,inventory
2018-12,annual,,자산총계,339357244000000.0,million KRW,total_assets
2018-12,annual,,유동부채,69081510000000.0,million KRW,current_liabilities
2018-12,annual,,부채총계,91604067000000.0,million KRW,total_liabilities
2018-12,annual,,자본총계,247753177000000.0,million KRW,total_equity
2018-12,annual,,수익(매출액),243771415000000.0,million KRW,revenue
2018-12,annual,,영업이익(손실),58886669000000.0,million KRW,operating_income
2018-12,annual,,당기순이익(손실),44344857000000.0,million KRW,net_income
2018-12,annual,,당기순이익,44344857000000.0,million KRW,net_income
2018-06,half_year,,유동자산,156976839000000.0,million KRW,current_assets
2018-06,half_year,,현금및현금성자산,31362222000000.0,million KRW,cash
2018-06,half_year,,매출채권,35013060000000.0,million KRW,receivables
2018-06,half_year,,재고자산,27358767000000.0,million KRW,inventory
2018-06,half_year,,자산총계,318688380000000.0,million KRW,total_assets
2018-06,half_year,,유동부채,65602323000000.0,million KRW,current_liabilities
2018-06,half_year,,부채총계,85563535000000.0,million KRW,total_liabilities
2018-06,half_year,,자본총계,233124845000000.0,million KRW,total_equity
2018-06,half_year,,수익(매출액),58482658000000.0,million KRW,revenue
2018-06,half_year,,영업이익(손실),14869035000000.0,million KRW,operating_income
2018-06,half_year,,당기순이익(손실),11043412000000.0,million KRW,net_income
2018-06,half_year,,당기순이익,22731956000000.0,million KRW,net_income
2018-03,quarterly,,유동자산,154941953000000.0,million KRW,current_assets
2018-03,quarterly,,현금및현금성자산,32303752000000.0,million KRW,cash
2018-03,quarterly,,매출채권,35370654000000.0,million KRW,receivables
2018-03,quarterly,,재고자산,26470871000000.0,million KRW,inventory
2018-03,quarterly,,자산총계,312473113000000.0,million KRW,total_assets
2018-03,quarterly,,유동부채,68298586000000.0,million KRW,current_liabilities
2018-03,quarterly,,부채총계,89213233000000.0,million KRW,total_liabilities
2018-03,quarterly,,자본총계,223259880000000.0,million KRW,total_equity
2018-03,quarterly,,수익(매출액),60563714000000.0,million KRW,revenue
2018-03,quarterly,,영업이익(손실),15642170000000.0,million KRW,operating_income
2018-03,quarterly,,당기순이익(손실),11688544000000.0,million KRW,net_income
2018-03,quarterly,,당기순이익,11688544000000.0,million KRW,net_income
2018-09,quarterly,,유동자산,176282049000000.0,million KRW,current_assets
2018-09,quarterly,,현금및현금성자산,33088093000000.0,million KRW,cash
2018-09,quarterly,,매출채권,41940008000000.0,million KRW,receivables
2018-09,quarterly,,재고자산,28242807000000.0,million KRW,inventory
2018-09,quarterly,,자산총계,337195786000000.0,million KRW,total_assets
2018-09,quarterly,,유동부채,74705872000000.0,million KRW,current_liabilities
2018-09,quarterly,,부채총계,95092626000000.0,million KRW,total_liabilities
2018-09,quarterly,,자본총계,242103160000000.0,million KRW,total_equity
2018-09,quarterly,,수익(매출액),65459993000000.0,million KRW,revenue
2018-09,quarterly,,영업이익(손실),17574865000000.0,million KRW,operating_income
2018-09,quarterly,,당기순이익(손실),13150715000000.0,million KRW,net_income
2018-09,quarterly,,당기순이익,35882671000000.0,million KRW,net_income
2019-12,annual,,유동자산,181385260000000.0,million KRW,current_assets
2019-12,annual,,현금및현금성자산,26885999000000.0,million KRW,cash
2019-12,annual,,매출채권,35131343000000.0,million KRW,receivables
2019-12,annual,,재고자산,26766464000000.0,million KRW,inventory
2019-12,annual,,자산총계,352564497000000.0,million KRW,total_assets
2019-12,annual,,유동부채,63782764000000.0,million KRW,current_liabilities
2019-12,annual,,부채총계,89684076000000.0,million KRW,total_liabilities
2019-12,annual,,자본총계,262880421000000.0,million KRW,total_equity
2019-12,annual,,수익(매출액),230400881000000.0,million KRW,revenue
2019-12,annual,,영업이익(손실),27768509000000.0,million KRW,operating_income
2019-12,annual,,당기순이익(손실),21738865000000.0,million KRW,net_income
2019-12,annual,,당기순이익,21738865000000.0,million KRW,net_income
2019-06,half_year,,유동자산,173433478000000.0,million KRW,current_assets
2019-06,half_year,,현금및현금성자산,27531931000000.0,million KRW,cash
2019-06,half_year,,매출채권,36061645000000.0,million KRW,receivables
2019-06,half_year,,재고자산,31246985000000.0,million KRW,inventory
2019-06,half_year,,자산총계,342940134000000.0,million KRW,total_assets
2019-06,half_year,,유동부채,59309271000000.0,million KRW,current_liabilities
2019-06,half_year,,부채총계,85193101000000.0,million KRW,total_liabilities
2019-06,half_year,,자본총계,257747033000000.0,million KRW,total_equity
2019-06,half_year,,수익(매출액),56127104000000.0,million KRW,revenue
2019-06,half_year,,영업이익(손실),6597065000000.0,million KRW,operating_income
2019-06,half_year,,당기순이익(손실),5180576000000.0,million KRW,net_income
2019-06,half_year,,당기순이익,10224161000000.0,million KRW,net_income
2019-03,quarterly,,유동자산,177388524000000.0,million KRW,current_assets
2019-03,quarterly,,현금및현금성자산,26676045000000.0,million KRW,cash
2019-03,quarterly,,매출채권,36709252000000.0,million KRW,receivables
2019-03,quarterly,,재고자산,31455994000000.0,million KRW,inventory
2019-03,quarterly,,자산총계,345067883000000.0,million KRW,total_assets
2019-03,quarterly,,유동부채,67354091000000.0,million KRW,current_liabilities
2019-03,quarterly,,부채총계,91852732000000.0,million KRW,total_liabilities
2019-03,quarterly,,자본총계,253215151000000.0,million KRW,total_equity
2019-03,quarterly,,수익(매출액),52385546000000.0,million KRW,revenue
2019-03,quarterly,,영업이익(손실),6233282000000.0,million KRW,operating_income
2019-03,quarterly,,당기순이익(손실),5043585000000.0,million KRW,net_income
2019-03,quarterly,,당기순이익,5043585000000.0,million KRW,net_income
2019-09,quarterly,,유동자산,186042134000000.0,million KRW,current_assets
2019-09,quarterly,,현금및현금성자산,26604994000000.0,million KRW,cash
2019-09,quarterly,,매출채권,40367204000000.0,million KRW,receivables
2019-09,quarterly,,재고자산,30908762000000.0,million KRW,inventory
2019-09,quarterly,,자산총계,353385985000000.0,million KRW,total_assets
2019-09,quarterly,,유동부채,63303192000000.0,million KRW,current_liabilities
2019-09,quarterly,,부채총계,89943741000000.0,million KRW,total_liabilities
2019-09,quarterly,,자본총계,263442244000000.0,million KRW,total_equity
2019-09,quarterly,,수익(매출액),62003471000000.0,million KRW,revenue
2019-09,quarterly,,영업이익(손실),7777892000000.0,million KRW,operating_income
2019-09,quarterly,,당기순이익(손실),6287664000000.0,million KRW,net_income
2019-09,quarterly,,당기순이익,16511825000000.0,million KRW,net_income
2020-12,annual,,유동자산,198215579000000.0,million KRW,current_assets
2020-12,annual,,현금및현금성자산,29382578000000.0,million KRW,cash
2020-12,annual,,매출채권,30965058000000.0,million KRW,receivables
2020-12,annual,,재고자산,32043145000000.0,million KRW,inventory
2020-12,annual,,자산총계,378235718000000.0,million KRW,total_assets
2020-12,annual,,유동부채,75604351000000.0,million KRW,current_liabilities
2020-12,annual,,부채총계,102287702000000.0,million KRW,total_liabilities
2020-12,annual,,자본총계,275948016000000.0,million KRW,total_equity
2020-12,annual,,수익(매출액),236806988000000.0,million KRW,revenue
2020-12,annual,,영업이익,35993876000000.0,million KRW,operating_income
2020-12,annual,,당기순이익(손실),26407832000000.0,million KRW,net_income
2020-12,annual,,당기순이익,26407832000000.0,million KRW,net_income
2020-06,half_year,,유동자산,186136845000000.0,million KRW,current_assets
2020-06,half_year,,현금및현금성자산,36109613000000.0,million KRW,cash
2020-06,half_year,,매출채권,32989762000000.0,million KRW,receivables
2020-06,half_year,,재고자산,29645529000000.0,million KRW,inventory
2020-06,half_year,,자산총계,357959499000000.0,million KRW,total_assets
2020-06,half_year,,유동부채,61863721000000.0,million KRW,current_liabilities
2020-06,half_year,,부채총계,88151682000000.0,million KRW,total_liabilities
2020-06,half_year,,자본총계,269807817000000.0,million KRW,total_equity
2020-06,half_year,,수익(매출액),52966142000000.0,million KRW,revenue
2020-06,half_year,,영업이익,8146292000000.0,million KRW,operating_income
2020-06,half_year,,당기순이익(손실),5555083000000.0,million KRW,net_income
2020-06,half_year,,당기순이익,10440009000000.0,million KRW,net_income
2020-03,quarterly,,유동자산,186739748000000.0,million KRW,current_assets
2020-03,quarterly,,현금및현금성자산,27916683000000.0,million KRW,cash
2020-03,quarterly,,매출채권,36388583000000.0,million KRW,receivables
2020-03,quarterly,,재고자산,28454895000000.0,million KRW,inventory
2020-03,quarterly,,자산총계,357457535000000.0,million KRW,total_assets
2020-03,quarterly,,유동부채,64763290000000.0,million KRW,current_liabilities
2020-03,quarterly,,부채총계,91069812000000.0,million KRW,total_liabilities
2020-03,quarterly,,자본총계,266387723000000.0,million KRW,total_equity
2020-03,quarterly,,수익(매출액),55325178000000.0,million KRW,revenue
2020-03,quarterly,,영업이익,6447345000000.0,million KRW,operating_income
2020-03,quarterly,,당기순이익(손실),4884926000000.0,million KRW,net_income
2020-03,quarterly,,당기순이익,4884926000000.0,million KRW,net_income
2020-09,quarterly,,유동자산,203634913000000.0,million KRW,current_assets
2020-09,quarterly,,현금및현금성자산,26566097000000.0,million KRW,cash
2020-09,quarterly,,매출채권,40379873000000.0,million KRW,receivables
2020-09,quarterly,,재고자산,32442857000000.0,million KRW,inventory
2020-09,quarterly,,자산총계,375788742000000.0,million KRW,total_assets
2020-09,quarterly,,유동부채,73046405000000.0,million KRW,current_liabilities
2020-09,quarterly,,부채총계,99652554000000.0,million KRW,total_liabilities
2020-09,quarterly,,자본총계,276136188000000.0,million KRW,total_equity
2020-09,quarterly,,수익(매출액),66964160000000.0,million KRW,revenue
2020-09,quarterly,,영업이익,12353238000000.0,million KRW,operating_income
2020-09,quarterly,,당기순이익(손실),9360693000000.0,million KRW,net_income
2020-09,quarterly,,당기순이익,19800702000000.0,million KRW,net_income
2021-12,annual,,유동자산,218163185000000.0,million KRW,current_assets
2021-12,annual,,현금및현금성자산,39031415000000.0,million KRW,cash
2021-12,annual,,매출채권,40713415000000.0,million KRW,receivables
2021-12,annual,,재고자산,41384404000000.0,million KRW,inventory
2021-12,annual,,자산총계,426621158000000.0,million KRW,total_assets
2021-12,annual,,유동부채,88117133000000.0,million KRW,current_liabilities
2021-12,annual,,부채총계,121721227000000.0,million KRW,total_liabilities
2021-12,annual,,자본총계,304899931000000.0,million KRW,total_equity
2021-12,annual,,수익(매출액),279604799000000.0,million KRW,revenue
2021-12,annual,,영업이익,51633856000000.0,million KRW,operating_income
2021-12,annual,,당기순이익(손실),39907450000000.0,million KRW,net_income
2021-12,annual,,당기순이익,39907450000000.0,million KRW,net_income
2021-06,half_year,,유동자산,191118524000000.0,million KRW,current_assets
2021-06,half_year,,현금및현금성자산,30683788000000.0,million KRW,cash
2021-06,half_year,,매출채권,35624916000000.0,million KRW,receivables
2021-06,half_year,,재고자산,33592385000000.0,million KRW,inventory
2021-06,half_year,,자산총계,384777669000000.0,million KRW,total_assets
2021-06,half_year,,유동부채,72461451000000.0,million KRW,current_liabilities
2021-06,half_year,,부채총계,102453403000000.0,million KRW,total_liabilities
2021-06,half_year,,자본총계,282324266000000.0,million KRW,total_equity
2021-06,half_year,,수익(매출액),63671585000000.0,million KRW,revenue
2021-06,half_year,,영업이익,12566745000000.0,million KRW,operating_income
2021-06,half_year,,당기순이익(손실),9634486000000.0,million KRW,net_income
2021-06,half_year,,당기순이익,16776171000000.0,million KRW,net_income
2021-03,quarterly,,유동자산,209155353000000.0,million KRW,current_assets
2021-03,quarterly,,현금및현금성자산,41039591000000.0,million KRW,cash
2021-03,quarterly,,매출채권,33962077000000.0,million KRW,receivables
2021-03,quarterly,,재고자산,30619976000000.0,million KRW,inventory
2021-03,quarterly,,자산총계,392826274000000.0,million KRW,total_assets
2021-03,quarterly,,유동부채,90109462000000.0,million KRW,current_liabilities
2021-03,quarterly,,부채총계,118557683000000.0,million KRW,total_liabilities
2021-03,quarterly,,자본총계,274268591000000.0,million KRW,total_equity
2021-03,quarterly,,수익(매출액),65388503000000.0,million KRW,revenue
2021-03,quarterly,,영업이익,9382868000000.0,million KRW,operating_income
2021-03,quarterly,,당기순이익(손실),7141685000000.0,million KRW,net_income
2021-03,quarterly,,당기순이익,7141685000000.0,million KRW,net_income
2021-09,quarterly,,유동자산,212793019000000.0,million KRW,current_assets
2021-09,quarterly,,현금및현금성자산,32675040000000.0,million KRW,cash
2021-09,quarterly,,매출채권,42369691000000.0,million KRW,receivables
2021-09,quarterly,,재고자산,37801695000000.0,million KRW,inventory
2021-09,quarterly,,자산총계,410420718000000.0,million KRW,total_assets
2021-09,quarterly,,유동부채,81871964000000.0,million KRW,current_liabilities
2021-09,quarterly,,부채총계,113654600000000.0,million KRW,total_liabilities
2021-09,quarterly,,자본총계,296766118000000.0,million KRW,total_equity
2021-09,quarterly,,수익(매출액),73979187000000.0,million KRW,revenue
2021-09,quarterly,,영업이익,15817531000000.0,million KRW,operating_income
2021-09,quarterly,,당기순이익(손실),12293331000000.0,million KRW,net_income
2021-09,quarterly,,당기순이익,29069502000000.0,million KRW,net_income
2022-12,annual,,유동자산,218470581000000.0,million KRW,current_assets
2022-12,annual,,현금및현금성자산,49680710000000.0,million KRW,cash
2022-12,annual,,매출채권,35721563000000.0,million KRW,receivables
2022-12,annual,,재고자산,52187866000000.0,million KRW,inventory
2022-12,annual,,자산총계,448424507000000.0,million KRW,total_assets
2022-12,annual,,유동부채,78344852000000.0,million KRW,current_liabilities
2022-12,annual,,부채총계,93674903000000.0,million KRW,total_liabilities
2022-12,annual,,자본총계,354749604000000.0,million KRW,total_equity
2022-12,annual,,수익(매출액),302231360000000.0,million KRW,revenue
2022-12,annual,,영업이익,43376630000000.0,million KRW,operating_income
2022-12,annual,,당기순이익(손실),55654077000000.0,million KRW,net_income
2022-12,annual,,당기순이익,55654077000000.0,million KRW,net_income
2022-06,half_year,,유동자산,236287491000000.0,million KRW,current_assets
2022-06,half_year,,현금및현금성자산,39583141000000.0,million KRW,cash
2022-06,half_year,,매출채권,44026232000000.0,million KRW,receivables
2022-06,half_year,,재고자산,52092241000000.0,million KRW,inventory
2022-06,half_year,,자산총계,448040650000000.0,million KRW,total_assets
2022-06,half_year,,유동부채,83362268000000.0,million KRW,current_liabilities
2022-06,half_year,,부채총계,120133986000000.0,million KRW,total_liabilities
2022-06,half_year,,자본총계,327906664000000.0,million KRW,total_equity
2022-06,half_year,,수익(매출액),77203607000000.0,million KRW,revenue
2022-06,half_year,,영업이익,14097045000000.0,million KRW,operating_income
2022-06,half_year,,당기순이익(손실),11098805000000.0,million KRW,net_income
2022-06,half_year,,당기순이익,22423433000000.0,million KRW,net_income
2022-03,quarterly,,유동자산,232369082000000.0,million KRW,current_assets
2022-03,quarterly,,현금및현금성자산,48944982000000.0,million KRW,cash
2022-03,quarterly,,매출채권,44464968000000.0,million KRW,receivables
2022-03,quarterly,,재고자산,47590731000000.0,million KRW,inventory
2022-03,quarterly,,자산총계,439326959000000.0,million KRW,total_assets
2022-03,quarterly,,유동부채,90463701000000.0,million KRW,current_liabilities
2022-03,quarterly,,부채총계,124036040000000.0,million KRW,total_liabilities
2022-03,quarterly,,자본총계,315290919000000.0,million KRW,total_equity
2022-03,quarterly,,수익(매출액),77781498000000.0,million KRW,revenue
2022-03,quarterly,,영업이익,14121409000000.0,million KRW,operating_income
2022-03,quarterly,,당기순이익(손실),11324628000000.0,million KRW,net_income
2022-03,quarterly,,당기순이익,11324628000000.0,million KRW,net_income
2022-09,quarterly,,유동자산,250880637000000.0,million KRW,current_assets
2022-09,quarterly,,현금및현금성자산,44515421000000.0,million KRW,cash
2022-09,quarterly,,매출채권,47421784000000.0,million KRW,receivables
2022-09,quarterly,,재고자산,57319848000000.0,million KRW,inventory
2022-09,quarterly,,자산총계,470278409000000.0,million KRW,total_assets
2022-09,quarterly,,유동부채,85285669000000.0,million KRW,current_liabilities
2022-09,quarterly,,부채총계,125371520000000.0,million KRW,total_liabilities
2022-09,quarterly,,자본총계,344906889000000.0,million KRW,total_equity
2022-09,quarterly,,수익(매출액),76781680000000.0,million KRW,revenue
2022-09,quarterly,,영업이익,10852045000000.0,million KRW,operating_income
2022-09,quarterly,,당기순이익(손실),9389198000000.0,million KRW,net_income
2022-09,quarterly,,당기순이익,31812631000000.0,million KRW,net_income
2023-12,annual,,자산총계,455905980000000.0,million KRW,total_assets
2023-12,annual,,유동자산,195936557000000.0,million KRW,current_assets
2023-12,annual,,현금및현금성자산,69080893000000.0,million KRW,cash
2023-12,annual,,매출채권,36647393000000.0,million KRW,receivables
2023-12,annual,,재고자산,51625874000000.0,million KRW,inventory
2023-12,annual,,자본총계,363677865000000.0,million KRW,total_equity
2023-12,annual,,유동부채,75719452000000.0,million KRW,current_liabilities
2023-12,annual,,부채총계,92228115000000.0,million KRW,total_liabilities
2023-12,annual,,영업이익,6566976000000.0,million KRW,operating_income
2023-12,annual,,당기순이익(손실),15487100000000.0,million KRW,net_income
2023-06,half_year,,유동자산,203975373000000.0,million KRW,current_assets
2023-06,half_year,,현금및현금성자산,79919775000000.0,million KRW,cash
2023-06,half_year,,매출채권,36104142000000.0,million KRW,receivables
2023-06,half_year,,재고자산,55504798000000.0,million KRW,inventory
2023-06,half_year,,자산총계,448000552000000.0,million KRW,total_assets
2023-06,half_year,,유동부채,70780638000000.0,million KRW,current_liabilities
2023-06,half_year,,부채총계,89024926000000.0,million KRW,total_liabilities
2023-06,half_year,,자본총계,358975626000000.0,million KRW,total_equity
2023-06,half_year,,수익(매출액),60005533000000.0,million KRW,revenue
2023-06,half_year,,영업이익,668547000000.0,million KRW,operating_income
2023-06,half_year,,당기순이익(손실),1723571000000.0,million KRW,net_income
2023-06,half_year,,당기순이익,3298171000000.0,million KRW,net_income
2023-03,quarterly,,유동자산,214442141000000.0,million KRW,current_assets
2023-03,quarterly,,현금및현금성자산,72949377000000.0,million KRW,cash
2023-03,quarterly,,매출채권,36632159000000.0,million KRW,receivables
2023-03,quarterly,,재고자산,54419586000000.0,million KRW,inventory
2023-03,quarterly,,자산총계,454091777000000.0,million KRW,total_assets
2023-03,quarterly,,유동부채,76057448000000.0,million KRW,current_liabilities
2023-03,quarterly,,부채총계,94292361000000.0,million KRW,total_liabilities
2023-03,quarterly,,자본총계,359799416000000.0,million KRW,total_equity
2023-03,quarterly,,수익(매출액),63745371000000.0,million KRW,revenue
2023-03,quarterly,,영업이익,640178000000.0,million KRW,operating_income
2023-03,quarterly,,당기순이익(손실),1574600000000.0,million KRW,net_income
2023-03,quarterly,,당기순이익,1574600000000.0,million KRW,net_income
2023-09,quarterly,,자산총계,454466447000000.0,million KRW,total_assets
2023-09,quarterly,,유동자산,206438600000000.0,million KRW,current_assets
2023-09,quarterly,,매출채권,43405955000000.0,million KRW,receivables
2023-09,quarterly,,현금및현금성자산,75144284000000.0,million KRW,cash
2023-09,quarterly,,재고자산,55255957000000.0,million KRW,inventory
2023-09,quarterly,,자본총계,363892643000000.0,million KRW,total_equity
2023-09,quarterly,,유동부채,73625180000000.0,million KRW,current_liabilities
2023-09,quarterly,,부채총계,90573804000000.0,million KRW,total_liabilities
2023-09,quarterly,,영업이익,2433534000000.0,million KRW,operating_income
2023-09,quarterly,,당기순이익(손실),5844171000000.0,million KRW,net_income
2023-09,quarterly,,수익(매출액),67404652000000.0,million KRW,revenue
2024-12,annual,,자산총계,514531948000000.0,million KRW,total_assets
2024-12,annual,,유동자산,227062266000000.0,million KRW,current_assets
2024-12,annual,,현금및현금성자산,53705579000000.0,million KRW,cash
2024-12,annual,,매출채권,43623073000000.0,million KRW,receivables
2024-12,annual,,재고자산,51754865000000.0,million KRW,inventory
2024-12,annual,,자본총계,402192070000000.0,million KRW,total_equity
2024-12,annual,,유동부채,93326299000000.0,million KRW,current_liabilities
2024-12,annual,,부채총계,112339878000000.0,million KRW,total_liabilities
2024-12,annual,,영업이익,32725961000000.0,million KRW,operating_income
2024-12,annual,,당기순이익,34451351000000.0,million KRW,net_income
2024-12,annual,,매출액,300870903000000.0,million KRW,revenue
2024-06,half_year,,자산총계,485757698000000.0,million KRW,total_assets
2024-06,half_year,,유동자산,217858103000000.0,million KRW,current_assets
2024-06,half_year,,현금및현금성자산,49844405000000.0,million KRW,cash
2024-06,half_year,,매출채권,43660885000000.0,million KRW,receivables
2024-06,half_year,,재고자산,55566613000000.0,million KRW,inventory
2024-06,half_year,,자본총계,383526671000000.0,million KRW,total_equity
2024-06,half_year,,유동부채,84354935000000.0,million KRW,current_liabilities
2024-06,half_year,,부채총계,102231027000000.0,million KRW,total_liabilities
2024-06,half_year,,영업이익,10443878000000.0,million KRW,operating_income
2024-06,half_year,,매출액,74068302000000.0,million KRW,revenue
2024-03,quarterly,,자산총계,470899812000000.0,million KRW,total_assets
2024-03,quarterly,,유동자산,208544280000000.0,million KRW,current_assets
2024-03,quarterly,,현금및현금성자산,61906097000000.0,million KRW,cash
2024-03,quarterly,,매출채권,41145391000000.0,million KRW,receivables
2024-03,quarterly,,재고자산,53347700000000.0,million KRW,inventory
2024-03,quarterly,,자본총계,371916124000000.0,million KRW,total_equity
2024-03,quarterly,,유동부채,81770355000000.0,million KRW,current_liabilities
2024-03,quarterly,,부채총계,98983688000000.0,million KRW,total_liabilities
2024-03,quarterly,,영업이익,6606009000000.0,million KRW,operating_income
2024-03,quarterly,,매출액,71915601000000.0,million KRW,revenue
2024-09,quarterly,,자산총계,491307317000000.0,million KRW,total_assets
2024-09,quarterly,,유동자산,219235111000000.0,million KRW,current_assets
2024-09,quarterly,,현금및현금성자산,43131359000000.0,million KRW,cash
2024-09,quarterly,,매출채권,44692044000000.0,million KRW,receivables
2024-09,quarterly,,재고자산,53356759000000.0,million KRW,inventory
2024-09,quarterly,,자본총계,386281363000000.0,million KRW,total_equity
2024-09,quarterly,,유동부채,87031889000000.0,million KRW,current_liabilities
2024-09,quarterly,,부채총계,105025954000000.0,million KRW,total_liabilities
2024-09,quarterly,,영업이익,9183371000000.0,million KRW,operating_income
2024-09,quarterly,,매출액,79098731000000.0,million KRW,revenue
2025-12,annual,,자산총계,566942110000000.0,million KRW,total_assets
2025-12,annual,,유동자산,247684612000000.0,million KRW,current_assets
2025-12,annual,,현금및현금성자산,57856378000000.0,million KRW,cash
2025-12,annual,,매출채권,51127642000000.0,million KRW,receivables
2025-12,annual,,재고자산,52636828000000.0,million KRW,inventory
2025-12,annual,,자본총계,436320337000000.0,million KRW,total_equity
2025-12,annual,,유동부채,106411348000000.0,million KRW,current_liabilities
2025-12,annual,,부채총계,130621773000000.0,million KRW,total_liabilities
2025-12,annual,,영업이익,43601051000000.0,million KRW,operating_income
2025-12,annual,,당기순이익,45206805000000.0,million KRW,net_income
2025-12,annual,,매출액,333605938000000.0,million KRW,revenue
2025-06,half_year,,자산총계,504875185000000.0,million KRW,total_assets
2025-06,half_year,,유동자산,212160671000000.0,million KRW,current_assets
2025-06,half_year,,현금및현금성자산,47120025000000.0,million KRW,cash
2025-06,half_year,,매출채권,43550509000000.0,million KRW,receivables
2025-06,half_year,,재고자산,51037413000000.0,million KRW,inventory
2025-06,half_year,,자본총계,399561967000000.0,million KRW,total_equity
2025-06,half_year,,유동부채,84402645000000.0,million KRW,current_liabilities
2025-06,half_year,,부채총계,105313218000000.0,million KRW,total_liabilities
2025-06,half_year,,영업이익,4676057000000.0,million KRW,operating_income
2025-06,half_year,,매출액,74566317000000.0,million KRW,revenue
2025-03,quarterly,,자산총계,516376748000000.0,million KRW,total_assets
2025-03,quarterly,,유동자산,222685717000000.0,million KRW,current_assets
2025-03,quarterly,,현금및현금성자산,53161004000000.0,million KRW,cash
2025-03,quarterly,,매출채권,44866585000000.0,million KRW,receivables
2025-03,quarterly,,재고자산,53220267000000.0,million KRW,inventory
2025-03,quarterly,,자본총계,406614269000000.0,million KRW,total_equity
2025-03,quarterly,,유동부채,90279712000000.0,million KRW,current_liabilities
2025-03,quarterly,,부채총계,109762479000000.0,million KRW,total_liabilities
2025-03,quarterly,,영업이익,6685272000000.0,million KRW,operating_income
2025-03,quarterly,,매출액,79140503000000.0,million KRW,revenue
2025-09,quarterly,,자산총계,523659586000000.0,million KRW,total_assets
2025-09,quarterly,,유동자산,229440881000000.0,million KRW,current_assets
2025-09,quarterly,,현금및현금성자산,53399483000000.0,million KRW,cash
2025-09,quarterly,,매출채권,50538790000000.0,million KRW,receivables
2025-09,quarterly,,재고자산,50332392000000.0,million KRW,inventory
2025-09,quarterly,,자본총계,413501494000000.0,million KRW,total_equity
2025-09,quarterly,,유동부채,87259259000000.0,million KRW,current_liabilities
2025-09,quarterly,,부채총계,110158092000000.0,million KRW,total_liabilities
2025-09,quarterly,,영업이익,12166062000000.0,million KRW,operating_income
2025-09,quarterly,,매출액,86061747000000.0,million KRW,revenue
2026-06,half_year,,자산총계,759480516000000.0,million KRW,total_assets
2026-06,half_year,,유동자산,379711982000000.0,million KRW,current_assets
2026-06,half_year,,현금및현금성자산,92916382000000.0,million KRW,cash
2026-06,half_year,,매출채권,96408968000000.0,million KRW,receivables
2026-06,half_year,,재고자산,71389118000000.0,million KRW,inventory
2026-06,half_year,,자본총계,579309676000000.0,million KRW,total_equity
2026-06,half_year,,유동부채,134189617000000.0,million KRW,current_liabilities
2026-06,half_year,,부채총계,180170840000000.0,million KRW,total_liabilities
2026-06,half_year,,영업이익,89492412000000.0,million KRW,operating_income
2026-06,half_year,,매출액,171499470000000.0,million KRW,revenue
2026-03,quarterly,,자산총계,633339604000000.0,million KRW,total_assets
2026-03,quarterly,,유동자산,306220075000000.0,million KRW,current_assets
2026-03,quarterly,,현금및현금성자산,73306751000000.0,million KRW,cash
2026-03,quarterly,,매출채권,82285029000000.0,million KRW,receivables
2026-03,quarterly,,재고자산,58278373000000.0,million KRW,inventory
2026-03,quarterly,,자본총계,486635976000000.0,million KRW,total_equity
2026-03,quarterly,,유동부채,120603778000000.0,million KRW,current_liabilities
2026-03,quarterly,,부채총계,146703628000000.0,million KRW,total_liabilities
2026-03,quarterly,,영업이익,57232797000000.0,million KRW,operating_income
2026-03,quarterly,,매출액,133873444000000.0,million KRW,revenue
2016-12,annual,legacy,매출액,109672506.0,reported,revenue
2016-12,annual,legacy,영업이익,2638002.0,reported,operating_income
2016-12,annual,legacy,영업활동으로 인한 현금흐름,6800635.0,reported,cfo
2017-12,quarterly,legacy,매출액,74591090.0,reported,revenue
2017-12,quarterly,legacy,영업이익,1142673.0,reported,operating_income
2017-12,quarterly,legacy,당기순이익,29328245.0,reported,net_income
2017-12,quarterly,legacy,유동자산,3.0,reported,current_assets
2017-12,quarterly,legacy,현금및현금성자산,1.0,reported,cash
2017-12,quarterly,legacy,매출채권,1.0,reported,receivables
2017-12,quarterly,legacy,재고자산,2.0,reported,inventory
2017-12,half,legacy,매출액,48139737.0,reported,revenue
2017-12,half,legacy,영업이익,699039.0,reported,operating_income
2017-12,half,legacy,당기순이익,18288474.0,reported,net_income
2017-12,half,legacy,유동자산,3.0,reported,current_assets
2017-12,half,legacy,현금및현금성자산,1.0,reported,cash
2017-12,half,legacy,매출채권,1.0,reported,receivables
2017-12,half,legacy,재고자산,2.0,reported,inventory
