period,report_type,ratio,value
2015-12,annual,operating_margin,0.13163709763083006
2015-12,annual,net_margin,0.09499034758838623
2015-12,annual,current_ratio,2.4714363483497555
2015-12,annual,debt_ratio,0.35250633719834557
2015-12,annual,equity_ratio,0.7393680698542632
2015-12,annual,cfo_to_net_income,
2016-03,quarterly,operating_margin,0.13410024118635694
2016-03,quarterly,net_margin,0.10551557611335059
2016-03,quarterly,current_ratio,2.580804473032345
2016-03,quarterly,debt_ratio,0.3528006986029522
2016-03,quarterly,equity_ratio,0.7392071877496129
2016-03,quarterly,cfo_to_net_income,
2016-06,half_year,operating_margin,0.15988241973633374
2016-06,half_year,net_margin,0.11479630179326981
2016-06,half_year,current_ratio,2.711269045823123
2016-06,half_year,debt_ratio,0.34160414388459076
2016-06,half_year,equity_ratio,0.745376350064422
2016-06,half_year,cfo_to_net_income,
2016-09,quarterly,operating_margin,0.10875290514296862
2016-09,quarterly,net_margin,0.094903166920325
2016-09,quarterly,current_ratio,2.6192653269660067
2016-09,quarterly,debt_ratio,0.36168200206377116
2016-09,quarterly,equity_ratio,0.7343858540278829
2016-09,quarterly,cfo_to_net_income,
2016-12,annual,operating_margin,0.14485135726540793
2016-12,annual,net_margin,0.11257967229817868
2016-12,annual,current_ratio,2.58535862808808
2016-12,annual,debt_ratio,0.35867642586235676
2016-12,annual,equity_ratio,0.7360104149634424
2016-12,annual,cfo_to_net_income,
2017-03,quarterly,operating_margin,0.19582285787834602
2017-03,quarterly,net_margin,0.1520223561485482
2017-03,quarterly,current_ratio,2.274403247168013
2017-03,quarterly,debt_ratio,0.3919514199802648
2017-03,quarterly,equity_ratio,0.718415876909108
2017-03,quarterly,cfo_to_net_income,
2017-06,half_year,operating_margin,0.23059710113699491
2017-06,half_year,net_margin,0.18120907689714272
2017-06,half_year,current_ratio,2.260581971149525
2017-06,half_year,debt_ratio,0.38306669722284187
2017-06,half_year,equity_ratio,0.7230309297505111
2017-06,half_year,cfo_to_net_income,
2017-09,quarterly,operating_margin,0.23422105413277183
2017-09,quarterly,net_margin,0.18039660364008703
2017-09,quarterly,current_ratio,2.196110927206486
2017-09,quarterly,debt_ratio,0.4076454413382357
2017-09,quarterly,equity_ratio,0.7104061652409495
2017-09,quarterly,cfo_to_net_income,
2017-12,annual,operating_margin,0.22391716083542743
2017-12,annual,net_margin,0.17608966206944407
2017-12,annual,current_ratio,2.1880493422013396
2017-12,annual,debt_ratio,0.4068258709154568
2017-12,annual,equity_ratio,0.7108200244777095
2017-12,annual,cfo_to_net_income,
2018-03,quarterly,operating_margin,0.258276267535376
2018-03,quarterly,net_margin,0.1929958258504424
2018-03,quarterly,current_ratio,2.2685967905689877
2018-03,quarterly,debt_ratio,0.39959366187959966
2018-03,quarterly,equity_ratio,0.7144930898422611
2018-03,quarterly,cfo_to_net_income,
2018-06,half_year,operating_margin,0.25424690854509385
2018-06,half_year,net_margin,0.18883225177624452
2018-06,half_year,current_ratio,2.392854884117442
2018-06,half_year,debt_ratio,0.36702881239449187
2018-06,half_year,equity_ratio,0.7315134772093039
2018-06,half_year,cfo_to_net_income,
2018-09,quarterly,operating_margin,0.26848253711240083
2018-09,quarterly,net_margin,0.20089698145858342
2018-09,quarterly,current_ratio,2.3596812978770934
2018-09,quarterly,debt_ratio,0.3927773020393455
2018-09,quarterly,equity_ratio,0.71798987428627
2018-09,quarterly,cfo_to_net_income,
2018-12,annual,operating_margin,0.241565111315451
2018-12,annual,net_margin,0.18191163635818416
2018-12,annual,current_ratio,2.5288593720664183
2018-12,annual,debt_ratio,0.3697392223551587
2018-12,annual,equity_ratio,0.7300659743688866
2018-12,annual,cfo_to_net_income,
2019-03,quarterly,operating_margin,0.11898858513376953
2019-03,quarterly,net_margin,0.09627817948103472
2019-03,quarterly,current_ratio,2.6336711158346713
2019-03,quarterly,debt_ratio,0.36274579794002926
2019-03,quarterly,equity_ratio,0.7338125727568798
2019-03,quarterly,cfo_to_net_income,
2019-06,half_year,operating_margin,0.11753795456825993
2019-06,half_year,net_margin,0.09230078929424188
2019-06,half_year,current_ratio,2.924222049534212
2019-06,half_year,debt_ratio,0.33052989983399733
2019-06,half_year,equity_ratio,0.7515802539460138
2019-06,half_year,cfo_to_net_income,
2019-09,quarterly,operating_margin,0.12544284819151497
2019-09,quarterly,net_margin,0.10140825825702564
2019-09,quarterly,current_ratio,2.938906050740696
2019-09,quarterly,debt_ratio,0.34141730511527224
2019-09,quarterly,equity_ratio,0.745480169509269
2019-09,quarterly,cfo_to_net_income,
2019-12,annual,operating_margin,0.12052258168231571
2019-12,annual,net_margin,0.09435235189052944
2019-12,annual,current_ratio,2.8437974246459437
2019-12,annual,debt_ratio,0.34115920713623626
2019-12,annual,equity_ratio,0.745623632659757
2019-12,annual,cfo_to_net_income,
2020-03,quarterly,operating_margin,0.11653545877430345
2020-03,quarterly,net_margin,0.08829480855895304
2020-03,quarterly,current_ratio,2.883419727441271
2020-03,quarterly,debt_ratio,0.34186940364365065
2020-03,quarterly,equity_ratio,0.7452290046144922
2020-03,quarterly,cfo_to_net_income,
2020-06,half_year,operating_margin,0.1538018759229245
2020-06,half_year,net_margin,0.10487988723060102
2020-06,half_year,current_ratio,3.008820710930078
2020-06,half_year,debt_ratio,0.326720266966913
2020-06,half_year,equity_ratio,0.7537383915044534
2020-06,half_year,cfo_to_net_income,
2020-09,quarterly,operating_margin,0.18447536712175588
2020-09,quarterly,net_margin,0.1397866112260648
2020-09,quarterly,current_ratio,2.787747227259165
2020-09,quarterly,debt_ratio,0.3608819065757509
2020-09,quarterly,equity_ratio,0.7348176172877473
2020-09,quarterly,cfo_to_net_income,
2020-12,annual,operating_margin,0.15199668009797077
2020-12,annual,net_margin,0.1115162699506148
2020-12,annual,current_ratio,2.6217483038773786
2020-12,annual,debt_ratio,0.3706774322305691
2020-12,annual,equity_ratio,0.7295662542372585
2020-12,annual,cfo_to_net_income,
2021-03,quarterly,operating_margin,0.14349415523398662
2021-03,quarterly,net_margin,0.10921927666703121
2021-03,quarterly,current_ratio,2.3211253109024224
2021-03,quarterly,debt_ratio,0.4322685385436643
2021-03,quarterly,equity_ratio,0.6981930923490113
2021-03,quarterly,cfo_to_net_income,
2021-06,half_year,operating_margin,0.1973681823689484
2021-06,half_year,net_margin,0.15131531592938985
2021-06,half_year,current_ratio,2.6375199690660347
2021-06,half_year,debt_ratio,0.36289265691387645
2021-06,half_year,equity_ratio,0.7337335005270277
2021-06,half_year,cfo_to_net_income,
2021-09,quarterly,operating_margin,0.21381055458206102
2021-09,quarterly,net_margin,0.16617283182633516
2021-09,quarterly,current_ratio,2.5990950821700087
2021-09,quarterly,debt_ratio,0.3829770081771936
2021-09,quarterly,equity_ratio,0.7230778198677582
2021-09,quarterly,cfo_to_net_income,
2021-12,annual,operating_margin,0.18466727389754137
2021-12,annual,net_margin,0.14272805811176367
2021-12,annual,current_ratio,2.475831629701343
2021-12,annual,debt_ratio,0.39921697128885214
2021-12,annual,equity_ratio,0.7146854423005434
2021-12,annual,cfo_to_net_income,
2022-03,quarterly,operating_margin,0.1815522889518019
2022-03,quarterly,net_margin,0.1455953959642176
2022-03,quarterly,current_ratio,2.5686444334175538
2022-03,quarterly,debt_ratio,0.39340187910708585
2022-03,quarterly,equity_ratio,0.7176680432215407
2022-03,quarterly,cfo_to_net_income,
2022-06,half_year,operating_margin,0.1825956784635723
2022-06,half_year,net_margin,0.14376018726689804
2022-06,half_year,current_ratio,2.8344657201505123
2022-06,half_year,debt_ratio,0.36636640602095233
2022-06,half_year,equity_ratio,0.7318681106279085
2022-06,half_year,cfo_to_net_income,
2022-09,quarterly,operating_margin,0.14133638388740646
2022-09,quarterly,net_margin,0.12228435220484886
2022-09,quarterly,current_ratio,2.9416505720322133
2022-09,quarterly,debt_ratio,0.36349381238366624
2022-09,quarterly,equity_ratio,0.7334100022440112
2022-09,quarterly,cfo_to_net_income,
2022-12,annual,operating_margin,0.1435212745626397
2022-12,annual,net_margin,0.1841439518387503
2022-12,annual,current_ratio,2.7885760892113245
2022-12,annual,debt_ratio,0.26405921794911996
2022-12,annual,equity_ratio,0.7911021776514994
2022-12,annual,cfo_to_net_income,
2023-03,quarterly,operating_margin,0.010042737063997949
2023-03,quarterly,net_margin,0.024701401455487645
2023-03,quarterly,current_ratio,2.8194758914340645
2023-03,quarterly,debt_ratio,0.26206924415908445
2023-03,quarterly,equity_ratio,0.7923495518396053
2023-03,quarterly,cfo_to_net_income,
2023-06,half_year,operating_margin,0.011141422575148194
2023-06,half_year,net_margin,0.028723534544722734
2023-06,half_year,current_ratio,2.8817961912126306
2023-06,half_year,debt_ratio,0.24799713281926278
2023-06,half_year,equity_ratio,0.8012838921680614
2023-06,half_year,cfo_to_net_income,
2023-09,quarterly,operating_margin,0.036103353815994776
2023-09,quarterly,net_margin,0.08670278425293257
2023-09,quarterly,current_ratio,2.803913009109112
2023-09,quarterly,debt_ratio,0.2489025423907787
2023-09,quarterly,equity_ratio,0.800702990071344
2023-09,quarterly,cfo_to_net_income,
2023-12,annual,operating_margin,
2023-12,annual,net_margin,
2023-12,annual,current_ratio,2.5876647522488674
2023-12,annual,debt_ratio,0.2535983733846436
2023-12,annual,equity_ratio,0.7977036515292034
2023-12,annual,cfo_to_net_income,
2024-03,quarterly,operating_margin,0.09185780148037698
2024-03,quarterly,net_margin,
2024-03,quarterly,current_ratio,2.5503653493983243
2024-03,quarterly,debt_ratio,0.2661451913819149
2024-03,quarterly,equity_ratio,0.7897988372949276
2024-03,quarterly,cfo_to_net_income,
2024-06,half_year,operating_margin,0.14100334040329424
2024-06,half_year,net_margin,
2024-06,half_year,current_ratio,2.5826361314841866
2024-06,half_year,debt_ratio,0.2665551961052534
2024-06,half_year,equity_ratio,0.7895431664368601
2024-06,half_year,cfo_to_net_income,
2024-09,quarterly,operating_margin,0.11610010532280221
2024-09,quarterly,net_margin,
2024-09,quarterly,current_ratio,2.519020482251052
2024-09,quarterly,debt_ratio,0.27188977791817515
2024-09,quarterly,equity_ratio,0.7862316510136567
2024-09,quarterly,cfo_to_net_income,
2024-12,annual,operating_margin,0.10877077402197313
2024-12,annual,net_margin,0.11450542626915305
2024-12,annual,current_ratio,2.432993362353306
2024-12,annual,debt_ratio,0.27931897811908624
2024-12,annual,equity_ratio,0.7816658840395271
2024-12,annual,cfo_to_net_income,
2025-03,quarterly,operating_margin,0.08447345855256948
2025-03,quarterly,net_margin,
2025-03,quarterly,current_ratio,2.4666197096419626
2025-03,quarterly,debt_ratio,0.26994251645408934
2025-03,quarterly,equity_ratio,0.7874372162861214
2025-03,quarterly,cfo_to_net_income,
2025-06,half_year,operating_margin,0.06271004373194401
2025-06,half_year,net_margin,
2025-06,half_year,current_ratio,2.5136732504058372
2025-06,half_year,debt_ratio,0.2635716777317797
2025-06,half_year,equity_ratio,0.7914074188455112
2025-06,half_year,cfo_to_net_income,
2025-09,quarterly,operating_margin,0.14136433925748684
2025-09,quarterly,net_margin,
2025-09,quarterly,current_ratio,2.629415876657857
2025-09,quarterly,debt_ratio,0.2664031293681372
2025-09,quarterly,equity_ratio,0.7896379729406883
2025-09,quarterly,cfo_to_net_income,
2025-12,annual,operating_margin,0.1306962677624761
2025-12,annual,net_margin,0.135509593357418
2025-12,annual,current_ratio,2.327614645009478
2025-12,annual,debt_ratio,0.2993712690499687
2025-12,annual,equity_ratio,0.7696029793941396
2025-12,annual,cfo_to_net_income,
2026-03,quarterly,operating_margin,0.42751419019294074
2026-03,quarterly,net_margin,
2026-03,quarterly,current_ratio,2.53905872666775
2026-03,quarterly,debt_ratio,0.30146482223911863
2026-03,quarterly,equity_ratio,0.7683649860620433
2026-03,quarterly,cfo_to_net_income,
2026-06,half_year,operating_margin,0.5218232569465083
2026-06,half_year,net_margin,
2026-06,half_year,current_ratio,2.829667380301115
2026-06,half_year,debt_ratio,0.3110095471631653
2026-06,half_year,equity_ratio,0.762770951717213
2026-06,half_year,cfo_to_net_income,
