bsns_year,report_type,source
2010,annual,OpenDART structured financial API
2010,half_year,OpenDART structured financial API
2010,quarterly,OpenDART structured financial API
2011,annual,OpenDART structured financial API
2011,half_year,OpenDART structured financial API
2011,quarterly,OpenDART structured financial API
2012,annual,OpenDART structured financial API
2012,half_year,OpenDART structured financial API
2012,quarterly,OpenDART structured financial API
2013,annual,OpenDART structured financial API
2013,half_year,OpenDART structured financial API
2013,quarterly,OpenDART structured financial API
2014,annual,OpenDART structured financial API
2014,half_year,OpenDART structured financial API
2014,quarterly,OpenDART structured financial API
2015,annual,OpenDART structured financial API
2015,half_year,OpenDART structured financial API
2015,quarterly,OpenDART structured financial API
2016,annual,OpenDART structured financial API
2016,half_year,OpenDART structured financial API
2016,quarterly,OpenDART structured financial API
2017,annual,OpenDART structured financial API
2017,half_year,OpenDART structured financial API
2017,quarterly,OpenDART structured financial API
2018,annual,OpenDART structured financial API
2018,half_year,OpenDART structured financial API
2018,quarterly,OpenDART structured financial API
2019,annual,OpenDART structured financial API
2019,half_year,OpenDART structured financial API
2019,quarterly,OpenDART structured financial API
2020,annual,OpenDART structured financial API
2020,half_year,OpenDART structured financial API
2020,quarterly,OpenDART structured financial API
2021,annual,OpenDART structured financial API
2021,half_year,OpenDART structured financial API
2021,quarterly,OpenDART structured financial API
2022,annual,OpenDART structured financial API
2022,half_year,OpenDART structured financial API
2022,quarterly,OpenDART structured financial API
2023,annual,OpenDART structured financial API
2023,half_year,OpenDART structured financial API
2023,quarterly,OpenDART structured financial API
2024,annual,OpenDART structured financial API
2024,half_year,OpenDART structured financial API
2024,quarterly,OpenDART structured financial API
2025,annual,OpenDART structured financial API
2025,half_year,OpenDART structured financial API
2025,quarterly,OpenDART structured financial API
2026,annual,OpenDART structured financial API
2026,half_year,OpenDART structured financial API
2026,quarterly,OpenDART structured financial API
